"job_title","job_id","job_titles","average_salary","company_name","job_location","schedule_type","wfh","insurance","degree","skill_count"
"Data Scientist",177779,"Data Scientist","960000.0","East River Electric Power Cooperative, Inc.","Madison, SD","Full-time","",1,"","4"
"Data Scientist",551617,"Geographic Information Systems Analyst - GIS Analyst","585000.0","ReServe","New York, NY","Full-time","","","","1"
"Data Scientist",40145,"Staff Data Scientist/Quant Researcher","550000.0","Selby Jennings","Anywhere","Full-time",1,"","","2"
"Data Scientist",1714768,"Staff Data Scientist - Business Analytics","525000.0","Selby Jennings","Anywhere","Full-time",1,"","","1"
"Data Scientist",1300865,"Data Scientist (L5) - Messaging","450000.0","Netflix","Los Gatos, CA","Full-time","","","","5"
"Data Scientist",1455311,"Data Scientist (L5) - Member Product","450000.0","Netflix","California City, CA","Full-time","",1,"","3"
"Data Scientist",1023855,"Applied Data Science or Machine Learning Leader","425000.0","Glocomms","San Francisco, CA","Full-time","","","","0"
"Data Scientist",529363,"Data Science Director – Audit","375000.0","Truist Financial","Charlotte, NC","Full-time","",1,"","12"
"Data Scientist",1015758,"Director, Data Scientist","375000.0","Analog Devices, Inc","Wilmington, MA","Full-time","","","","10"
"Data Scientist",452344,"Data Scientist","375000.0","Linquest Corporation","Dayton, OH","Full-time","",1,"","9"
