"job_title","job_id","job_titles","average_salary","company_name","job_location","schedule_type","wfh","insurance","degree","skills"
"Data Scientist",177779,"Data Scientist","960000.0","East River Electric Power Cooperative, Inc.","Madison, SD","Full-time","",1,"","python"
"Data Scientist",177779,"Data Scientist","960000.0","East River Electric Power Cooperative, Inc.","Madison, SD","Full-time","",1,"","java"
"Data Scientist",177779,"Data Scientist","960000.0","East River Electric Power Cooperative, Inc.","Madison, SD","Full-time","",1,"","r"
"Data Scientist",177779,"Data Scientist","960000.0","East River Electric Power Cooperative, Inc.","Madison, SD","Full-time","",1,"","c++"
"Data Scientist",551617,"Geographic Information Systems Analyst - GIS Analyst","585000.0","ReServe","New York, NY","Full-time","","","","excel"
"Data Scientist",40145,"Staff Data Scientist/Quant Researcher","550000.0","Selby Jennings","Anywhere","Full-time",1,"","","sql"
"Data Scientist",40145,"Staff Data Scientist/Quant Researcher","550000.0","Selby Jennings","Anywhere","Full-time",1,"","","python"
"Data Scientist",1714768,"Staff Data Scientist - Business Analytics","525000.0","Selby Jennings","Anywhere","Full-time",1,"","","sql"
"Data Scientist",1300865,"Data Scientist (L5) - Messaging","450000.0","Netflix","Los Gatos, CA","Full-time","","","","sql"
"Data Scientist",1300865,"Data Scientist (L5) - Messaging","450000.0","Netflix","Los Gatos, CA","Full-time","","","","python"
"Data Scientist",1300865,"Data Scientist (L5) - Messaging","450000.0","Netflix","Los Gatos, CA","Full-time","","","","r"
"Data Scientist",1300865,"Data Scientist (L5) - Messaging","450000.0","Netflix","Los Gatos, CA","Full-time","","","","spark"
"Data Scientist",1300865,"Data Scientist (L5) - Messaging","450000.0","Netflix","Los Gatos, CA","Full-time","","","","excel"
"Data Scientist",1455311,"Data Scientist (L5) - Member Product","450000.0","Netflix","California City, CA","Full-time","",1,"","sql"
"Data Scientist",1455311,"Data Scientist (L5) - Member Product","450000.0","Netflix","California City, CA","Full-time","",1,"","python"
"Data Scientist",1455311,"Data Scientist (L5) - Member Product","450000.0","Netflix","California City, CA","Full-time","",1,"","r"
"Data Scientist",1260290,"Director, Data Science & Advanced Analytics","375000.0","YETI Coolers","Austin, TX","Full-time","","","","python"
"Data Scientist",1260290,"Director, Data Science & Advanced Analytics","375000.0","YETI Coolers","Austin, TX","Full-time","","","","r"
"Data Scientist",1260290,"Director, Data Science & Advanced Analytics","375000.0","YETI Coolers","Austin, TX","Full-time","","","","aws"
"Data Scientist",1260290,"Director, Data Science & Advanced Analytics","375000.0","YETI Coolers","Austin, TX","Full-time","","","","pyspark"
"Data Scientist",1260290,"Director, Data Science & Advanced Analytics","375000.0","YETI Coolers","Austin, TX","Full-time","","","","hadoop"
"Data Scientist",1260290,"Director, Data Science & Advanced Analytics","375000.0","YETI Coolers","Austin, TX","Full-time","","","","tableau"
"Data Scientist",452344,"Data Scientist","375000.0","Linquest Corporation","Dayton, OH","Full-time","",1,"","sql"
"Data Scientist",452344,"Data Scientist","375000.0","Linquest Corporation","Dayton, OH","Full-time","",1,"","python"
"Data Scientist",452344,"Data Scientist","375000.0","Linquest Corporation","Dayton, OH","Full-time","",1,"","r"
"Data Scientist",452344,"Data Scientist","375000.0","Linquest Corporation","Dayton, OH","Full-time","",1,"","neo4j"
"Data Scientist",452344,"Data Scientist","375000.0","Linquest Corporation","Dayton, OH","Full-time","",1,"","databricks"
"Data Scientist",452344,"Data Scientist","375000.0","Linquest Corporation","Dayton, OH","Full-time","",1,"","pyspark"
"Data Scientist",452344,"Data Scientist","375000.0","Linquest Corporation","Dayton, OH","Full-time","",1,"","rshiny"
"Data Scientist",452344,"Data Scientist","375000.0","Linquest Corporation","Dayton, OH","Full-time","",1,"","tableau"
"Data Scientist",452344,"Data Scientist","375000.0","Linquest Corporation","Dayton, OH","Full-time","",1,"","qlik"
